0,0.026711,0.015025,0.006678,0.005008,0.005008,0.006678,0.026711,0.010017,0.010017,0.008347,0.008347,0.006678,0.742905,0.006678,0.005008,0.005008,0.005008,0.006678,0.040067,0.010017,0.006678,0.006678,0.005008,0.011686,0.013356
1,0.015025,0.003339,0.003339,0.008347,0.036728,0.026711,0.028381,0.016694,0.010017,0.008347,0.025042,0.272120,0.337229,0.021703,0.008347,0.006678,0.016694,0.020033,0.026711,0.008347,0.063439,0.003339,0.005008,0.020033,0.008347
2,0.003339,0.001669,0.001669,0.001669,0.018364,0.011686,0.015025,0.008347,0.003339,0.003339,0.003339,0.185309,0.035058,0.063439,0.003339,0.008347,0.003339,0.008347,0.008347,0.010017,0.577629,0.003339,0.006678,0.001669,0.013356
3,0.006678,0.001669,0.001669,0.003339,0.036728,0.005008,0.010017,0.013356,0.006678,0.006678,0.003339,0.026711,0.045075,0.045075,0.006678,0.005008,0.001669,0.006678,0.005008,0.003339,0.747913,0.003339,0.001669,0.003339,0.003339
4,0.005008,0.001669,0.006678,0.008347,0.252087,0.006678,0.008347,0.008347,0.005008,0.006678,0.003339,0.043406,0.043406,0.030050,0.013356,0.006678,0.001669,0.011686,0.008347,0.005008,0.515860,0.003339,0.001669,0.001669,0.001669
5,0.005008,0.001669,0.000000,0.001669,0.621035,0.005008,0.003339,0.005008,0.001669,0.006678,0.005008,0.016694,0.123539,0.020033,0.011686,0.001669,0.000000,0.006678,0.005008,0.011686,0.140234,0.003339,0.000000,0.001669,0.001669
6,0.001669,0.001669,0.003339,0.003339,0.590985,0.013356,0.003339,0.005008,0.006678,0.006678,0.005008,0.011686,0.100167,0.018364,0.006678,0.003339,0.003339,0.015025,0.003339,0.006678,0.166945,0.003339,0.005008,0.011686,0.003339
7,0.000000,0.003339,0.003339,0.003339,0.575960,0.008347,0.006678,0.005008,0.021703,0.001669,0.015025,0.016694,0.106845,0.021703,0.003339,0.010017,0.005008,0.005008,0.003339,0.003339,0.173623,0.005008,0.000000,0.000000,0.001669
8,0.000000,0.001669,0.003339,0.001669,0.525876,0.003339,0.005008,0.005008,0.103506,0.008347,0.003339,0.010017,0.111853,0.023372,0.006678,0.003339,0.006678,0.003339,0.003339,0.005008,0.153589,0.006678,0.003339,0.000000,0.001669
9,0.000000,0.001669,0.003339,0.001669,0.343907,0.006678,0.003339,0.005008,0.178631,0.010017,0.016694,0.018364,0.108514,0.021703,0.016694,0.001669,0.008347,0.003339,0.005008,0.010017,0.217028,0.005008,0.003339,0.003339,0.006678
10,0.001669,0.001669,0.005008,0.001669,0.115192,0.003339,0.013356,0.010017,0.721202,0.000000,0.000000,0.008347,0.038397,0.010017,0.003339,0.000000,0.008347,0.003339,0.008347,0.000000,0.045075,0.001669,0.000000,0.000000,0.000000
11,0.000000,0.000000,0.000000,0.000000,0.171953,0.005008,0.010017,0.006678,0.136895,0.000000,0.023372,0.020033,0.145242,0.026711,0.000000,0.000000,0.210351,0.003339,0.005008,0.003339,0.225376,0.000000,0.000000,0.000000,0.006678
12,0.000000,0.001669,0.003339,0.000000,0.133556,0.000000,0.003339,0.003339,0.096828,0.008347,0.015025,0.005008,0.449082,0.013356,0.013356,0.003339,0.136895,0.003339,0.000000,0.000000,0.100167,0.005008,0.003339,0.001669,0.000000
13,0.003339,0.001669,0.000000,0.001669,0.143573,0.006678,0.013356,0.003339,0.409015,0.000000,0.003339,0.003339,0.146912,0.005008,0.003339,0.003339,0.136895,0.005008,0.000000,0.001669,0.096828,0.008347,0.003339,0.000000,0.000000
14,0.001669,0.000000,0.003339,0.000000,0.093489,0.001669,0.006678,0.005008,0.041736,0.003339,0.001669,0.001669,0.626043,0.015025,0.001669,0.000000,0.088481,0.005008,0.000000,0.000000,0.100167,0.001669,0.000000,0.000000,0.001669
15,0.000000,0.000000,0.003339,0.000000,0.106845,0.001669,0.000000,0.003339,0.110184,0.003339,0.000000,0.003339,0.452421,0.013356,0.010017,0.010017,0.155259,0.008347,0.003339,0.000000,0.111853,0.001669,0.000000,0.001669,0.000000
16,0.000000,0.000000,0.001669,0.000000,0.033389,0.001669,0.000000,0.005008,0.071786,0.000000,0.006678,0.003339,0.756260,0.005008,0.000000,0.005008,0.065109,0.005008,0.003339,0.003339,0.031720,0.001669,0.000000,0.000000,0.000000
17,0.001669,0.000000,0.000000,0.001669,0.026711,0.001669,0.003339,0.003339,0.055092,0.000000,0.001669,0.000000,0.811352,0.003339,0.010017,0.003339,0.051753,0.000000,0.000000,0.000000,0.021703,0.000000,0.000000,0.001669,0.001669
18,0.000000,0.001669,0.000000,0.001669,0.025042,0.003339,0.000000,0.001669,0.063439,0.000000,0.001669,0.000000,0.814691,0.006678,0.005008,0.006678,0.045075,0.001669,0.000000,0.000000,0.018364,0.000000,0.000000,0.001669,0.001669
19,0.000000,0.000000,0.001669,0.000000,0.013356,0.000000,0.000000,0.003339,0.030050,0.001669,0.000000,0.000000,0.874791,0.010017,0.010017,0.000000,0.035058,0.000000,0.000000,0.003339,0.011686,0.000000,0.000000,0.005008,0.000000
20,0.001669,0.001669,0.001669,0.001669,0.010017,0.003339,0.006678,0.001669,0.015025,0.000000,0.000000,0.000000,0.904841,0.000000,0.001669,0.000000,0.035058,0.000000,0.003339,0.000000,0.008347,0.001669,0.001669,0.000000,0.000000
21,0.001669,0.000000,0.000000,0.001669,0.010017,0.000000,0.001669,0.000000,0.020033,0.001669,0.001669,0.000000,0.928214,0.000000,0.005008,0.000000,0.015025,0.003339,0.000000,0.000000,0.008347,0.000000,0.000000,0.000000,0.001669
22,0.001669,0.003339,0.001669,0.000000,0.005008,0.001669,0.000000,0.001669,0.015025,0.001669,0.000000,0.000000,0.923205,0.000000,0.001669,0.000000,0.028381,0.000000,0.000000,0.003339,0.010017,0.000000,0.001669,0.000000,0.000000
23,0.000000,0.000000,0.003339,0.003339,0.006678,0.005008,0.000000,0.000000,0.023372,0.000000,0.000000,0.000000,0.919866,0.001669,0.000000,0.000000,0.028381,0.000000,0.000000,0.000000,0.006678,0.001669,0.000000,0.000000,0.000000
24,0.000000,0.000000,0.001669,0.000000,0.013356,0.000000,0.000000,0.000000,0.016694,0.001669,0.003339,0.000000,0.936561,0.000000,0.000000,0.003339,0.010017,0.003339,0.000000,0.000000,0.005008,0.001669,0.001669,0.000000,0.001669
25,0.000000,0.001669,0.000000,0.000000,0.010017,0.001669,0.001669,0.000000,0.011686,0.001669,0.000000,0.000000,0.939900,0.000000,0.001669,0.000000,0.018364,0.000000,0.003339,0.000000,0.006678,0.000000,0.000000,0.001669,0.000000
26,0.001669,0.000000,0.001669,0.000000,0.010017,0.000000,0.000000,0.000000,0.010017,0.006678,0.000000,0.000000,0.939900,0.000000,0.001669,0.000000,0.013356,0.006678,0.000000,0.000000,0.006678,0.000000,0.000000,0.001669,0.000000
27,0.000000,0.000000,0.000000,0.000000,0.005008,0.000000,0.000000,0.000000,0.013356,0.005008,0.000000,0.006678,0.921536,0.005008,0.001669,0.003339,0.028381,0.000000,0.000000,0.000000,0.005008,0.001669,0.001669,0.001669,0.000000
28,0.001669,0.001669,0.000000,0.000000,0.000000,0.006678,0.000000,0.000000,0.008347,0.000000,0.001669,0.000000,0.949917,0.003339,0.001669,0.005008,0.011686,0.000000,0.000000,0.000000,0.000000,0.001669,0.005008,0.001669,0.000000
29,0.000000,0.000000,0.000000,0.000000,0.000000,0.000000,0.001669,0.000000,0.023372,0.000000,0.000000,0.001669,0.931553,0.000000,0.000000,0.000000,0.025042,0.001669,0.000000,0.008347,0.003339,0.001669,0.001669,0.000000,0.000000
30,0.000000,0.001669,0.000000,0.000000,0.000000,0.000000,0.000000,0.001669,0.000000,0.000000,0.001669,0.000000,0.936561,0.005008,0.001669,0.015025,0.030050,0.001669,0.000000,0.000000,0.003339,0.000000,0.001669,0.000000,0.000000
31,0.001669,0.001669,0.001669,0.000000,0.003339,0.000000,0.000000,0.000000,0.000000,0.000000,0.000000,0.000000,0.953255,0.005008,0.000000,0.003339,0.023372,0.000000,0.000000,0.000000,0.000000,0.000000,0.001669,0.001669,0.003339
32,0.000000,0.000000,0.000000,0.000000,0.000000,0.003339,0.016694,0.000000,0.020033,0.000000,0.000000,0.000000,0.936561,0.000000,0.000000,0.000000,0.015025,0.000000,0.000000,0.000000,0.005008,0.001669,0.001669,0.000000,0.000000
33,0.000000,0.003339,0.001669,0.001669,0.003339,0.000000,0.000000,0.001669,0.026711,0.003339,0.006678,0.000000,0.938230,0.000000,0.000000,0.000000,0.006678,0.003339,0.000000,0.003339,0.000000,0.000000,0.000000,0.000000,0.000000
34,0.000000,0.000000,0.000000,0.001669,0.000000,0.000000,0.000000,0.001669,0.011686,0.000000,0.000000,0.000000,0.908180,0.005008,0.003339,0.000000,0.061770,0.000000,0.001669,0.000000,0.000000,0.000000,0.003339,0.000000,0.001669
35,0.001669,0.001669,0.000000,0.000000,0.000000,0.000000,0.003339,0.000000,0.013356,0.000000,0.003339,0.000000,0.933222,0.008347,0.000000,0.000000,0.025042,0.000000,0.005008,0.000000,0.003339,0.001669,0.000000,0.000000,0.000000
36,0.001669,0.001669,0.000000,0.001669,0.000000,0.000000,0.003339,0.000000,0.013356,0.000000,0.001669,0.005008,0.933222,0.000000,0.000000,0.003339,0.025042,0.000000,0.005008,0.000000,0.000000,0.001669,0.001669,0.001669,0.000000
37,0.000000,0.001669,0.000000,0.001669,0.000000,0.005008,0.000000,0.001669,0.051753,0.001669,0.001669,0.005008,0.846411,0.000000,0.000000,0.001669,0.078464,0.000000,0.000000,0.001669,0.000000,0.000000,0.001669,0.000000,0.000000
38,0.000000,0.000000,0.001669,0.001669,0.000000,0.005008,0.005008,0.001669,0.031720,0.000000,0.000000,0.000000,0.869783,0.000000,0.000000,0.000000,0.061770,0.005008,0.010017,0.003339,0.000000,0.001669,0.000000,0.001669,0.000000
39,0.001669,0.001669,0.001669,0.001669,0.003339,0.000000,0.010017,0.000000,0.020033,0.000000,0.000000,0.000000,0.844741,0.090150,0.001669,0.000000,0.011686,0.000000,0.005008,0.000000,0.003339,0.001669,0.000000,0.000000,0.001669
40,0.001669,0.000000,0.000000,0.000000,0.000000,0.000000,0.000000,0.000000,0.080134,0.003339,0.000000,0.000000,0.853088,0.000000,0.000000,0.003339,0.048414,0.001669,0.005008,0.000000,0.000000,0.000000,0.001669,0.000000,0.001669
41,0.005008,0.001669,0.000000,0.000000,0.003339,0.000000,0.003339,0.000000,0.048414,0.001669,0.000000,0.000000,0.911519,0.000000,0.000000,0.000000,0.023372,0.001669,0.000000,0.000000,0.000000,0.000000,0.000000,0.000000,0.000000
42,0.000000,0.001669,0.000000,0.000000,0.000000,0.000000,0.008347,0.005008,0.048414,0.001669,0.000000,0.000000,0.866444,0.000000,0.000000,0.000000,0.065109,0.000000,0.000000,0.000000,0.000000,0.000000,0.001669,0.001669,0.000000
43,0.005008,0.000000,0.000000,0.000000,0.000000,0.000000,0.000000,0.000000,0.053422,0.001669,0.000000,0.008347,0.863105,0.000000,0.001669,0.000000,0.066778,0.000000,0.000000,0.000000,0.000000,0.000000,0.000000,0.000000,0.000000
44,0.000000,0.000000,0.005008,0.000000,0.000000,0.000000,0.000000,0.000000,0.075125,0.000000,0.000000,0.005008,0.868114,0.000000,0.000000,0.000000,0.033389,0.000000,0.000000,0.011686,0.000000,0.000000,0.000000,0.001669,0.000000
45,0.000000,0.000000,0.000000,0.003339,0.000000,0.000000,0.003339,0.000000,0.046745,0.015025,0.001669,0.000000,0.854758,0.006678,0.000000,0.003339,0.056761,0.000000,0.000000,0.000000,0.006678,0.000000,0.000000,0.000000,0.001669
46,0.001669,0.001669,0.000000,0.000000,0.000000,0.003339,0.000000,0.000000,0.053422,0.000000,0.001669,0.000000,0.883139,0.000000,0.001669,0.000000,0.035058,0.006678,0.000000,0.000000,0.006678,0.001669,0.001669,0.001669,0.000000
47,0.001669,0.001669,0.001669,0.000000,0.000000,0.000000,0.000000,0.003339,0.046745,0.003339,0.000000,0.000000,0.849750,0.006678,0.000000,0.013356,0.066778,0.003339,0.000000,0.000000,0.000000,0.001669,0.000000,0.000000,0.000000
48,0.000000,0.000000,0.000000,0.000000,0.000000,0.000000,0.000000,0.000000,0.045075,0.000000,0.003339,0.008347,0.816361,0.021703,0.000000,0.013356,0.086811,0.000000,0.000000,0.003339,0.000000,0.000000,0.001669,0.000000,0.000000
49,0.001669,0.000000,0.000000,0.001669,0.000000,0.000000,0.000000,0.000000,0.026711,0.001669,0.000000,0.000000,0.878130,0.000000,0.000000,0.000000,0.041736,0.013356,0.005008,0.000000,0.028381,0.000000,0.000000,0.001669,0.000000
50,0.001669,0.000000,0.000000,0.000000,0.005008,0.000000,0.000000,0.000000,0.071786,0.006678,0.000000,0.010017,0.814691,0.000000,0.001669,0.000000,0.068447,0.005008,0.000000,0.000000,0.013356,0.000000,0.001669,0.000000,0.000000
51,0.001669,0.001669,0.000000,0.000000,0.006678,0.003339,0.000000,0.003339,0.088481,0.000000,0.000000,0.000000,0.792988,0.000000,0.001669,0.003339,0.078464,0.005008,0.000000,0.000000,0.011686,0.000000,0.000000,0.000000,0.001669
52,0.001669,0.000000,0.001669,0.000000,0.008347,0.003339,0.005008,0.003339,0.053422,0.000000,0.000000,0.026711,0.836394,0.006678,0.001669,0.000000,0.051753,0.000000,0.000000,0.000000,0.000000,0.000000,0.000000,0.000000,0.000000
53,0.001669,0.000000,0.000000,0.001669,0.003339,0.000000,0.001669,0.001669,0.058431,0.000000,0.000000,0.023372,0.816361,0.000000,0.000000,0.013356,0.058431,0.000000,0.000000,0.000000,0.016694,0.001669,0.001669,0.000000,0.000000
54,0.000000,0.003339,0.000000,0.000000,0.000000,0.005008,0.000000,0.000000,0.053422,0.000000,0.001669,0.025042,0.846411,0.000000,0.000000,0.000000,0.056761,0.003339,0.000000,0.000000,0.000000,0.001669,0.000000,0.001669,0.001669
55,0.001669,0.000000,0.000000,0.000000,0.011686,0.006678,0.000000,0.000000,0.060100,0.000000,0.000000,0.000000,0.856427,0.000000,0.000000,0.000000,0.048414,0.000000,0.000000,0.003339,0.010017,0.000000,0.000000,0.001669,0.000000
56,0.000000,0.001669,0.001669,0.000000,0.003339,0.001669,0.008347,0.046745,0.046745,0.003339,0.000000,0.000000,0.813022,0.015025,0.000000,0.000000,0.046745,0.005008,0.003339,0.001669,0.000000,0.001669,0.000000,0.000000,0.000000
57,0.000000,0.001669,0.000000,0.000000,0.006678,0.000000,0.003339,0.000000,0.056761,0.006678,0.000000,0.000000,0.854758,0.000000,0.000000,0.001669,0.058431,0.000000,0.000000,0.000000,0.006678,0.001669,0.000000,0.000000,0.001669
58,0.000000,0.000000,0.001669,0.000000,0.006678,0.001669,0.000000,0.008347,0.055092,0.000000,0.000000,0.005008,0.846411,0.005008,0.000000,0.005008,0.046745,0.000000,0.010017,0.000000,0.006678,0.001669,0.000000,0.000000,0.000000
59,0.001669,0.000000,0.000000,0.000000,0.000000,0.003339,0.011686,0.000000,0.045075,0.001669,0.001669,0.000000,0.856427,0.005008,0.000000,0.003339,0.058431,0.008347,0.000000,0.001669,0.000000,0.000000,0.000000,0.001669,0.000000
60,0.001669,0.001669,0.000000,0.001669,0.005008,0.000000,0.000000,0.000000,0.046745,0.006678,0.000000,0.011686,0.836394,0.000000,0.000000,0.003339,0.076795,0.008347,0.000000,0.000000,0.000000,0.000000,0.000000,0.000000,0.000000
61,0.000000,0.001669,0.001669,0.001669,0.000000,0.000000,0.000000,0.033389,0.053422,0.000000,0.000000,0.000000,0.826377,0.000000,0.000000,0.000000,0.068447,0.000000,0.005008,0.000000,0.005008,0.001669,0.001669,0.000000,0.000000
62,0.000000,0.001669,0.000000,0.001669,0.000000,0.001669,0.000000,0.013356,0.060100,0.005008,0.000000,0.013356,0.813022,0.003339,0.000000,0.008347,0.051753,0.023372,0.003339,0.000000,0.000000,0.000000,0.000000,0.000000,0.000000
63,0.001669,0.000000,0.000000,0.000000,0.000000,0.003339,0.000000,0.026711,0.075125,0.006678,0.000000,0.003339,0.814691,0.000000,0.001669,0.000000,0.051753,0.006678,0.005008,0.000000,0.000000,0.001669,0.000000,0.001669,0.000000
64,0.000000,0.000000,0.000000,0.000000,0.000000,0.003339,0.000000,0.033389,0.068447,0.000000,0.000000,0.003339,0.829716,0.000000,0.000000,0.000000,0.056761,0.000000,0.000000,0.000000,0.000000,0.000000,0.001669,0.001669,0.001669
65,0.000000,0.001669,0.001669,0.000000,0.000000,0.000000,0.000000,0.000000,0.058431,0.003339,0.001669,0.015025,0.849750,0.003339,0.000000,0.000000,0.055092,0.006678,0.000000,0.000000,0.000000,0.001669,0.001669,0.000000,0.000000
66,0.001669,0.000000,0.000000,0.001669,0.000000,0.000000,0.000000,0.000000,0.071786,0.000000,0.000000,0.000000,0.782972,0.010017,0.000000,0.008347,0.083472,0.016694,0.015025,0.001669,0.006678,0.000000,0.000000,0.000000,0.000000
67,0.000000,0.001669,0.001669,0.001669,0.000000,0.000000,0.000000,0.006678,0.063439,0.000000,0.000000,0.000000,0.824708,0.023372,0.000000,0.000000,0.050083,0.000000,0.000000,0.000000,0.025042,0.000000,0.001669,0.000000,0.000000
68,0.000000,0.000000,0.003339,0.000000,0.000000,0.000000,0.005008,0.008347,0.056761,0.000000,0.001669,0.000000,0.846411,0.011686,0.000000,0.005008,0.056761,0.000000,0.000000,0.003339,0.000000,0.000000,0.000000,0.001669,0.000000
69,0.001669,0.001669,0.000000,0.000000,0.000000,0.003339,0.000000,0.000000,0.060100,0.000000,0.001669,0.005008,0.854758,0.000000,0.001669,0.005008,0.061770,0.000000,0.000000,0.000000,0.000000,0.000000,0.001669,0.001669,0.000000
70,0.000000,0.000000,0.000000,0.000000,0.000000,0.001669,0.000000,0.000000,0.053422,0.000000,0.001669,0.000000,0.844741,0.001669,0.000000,0.000000,0.055092,0.031720,0.000000,0.001669,0.005008,0.000000,0.001669,0.000000,0.001669
71,0.000000,0.001669,0.003339,0.001669,0.005008,0.000000,0.000000,0.025042,0.055092,0.003339,0.001669,0.000000,0.841402,0.003339,0.000000,0.000000,0.050083,0.006678,0.000000,0.000000,0.000000,0.000000,0.000000,0.000000,0.001669
72,0.001669,0.000000,0.001669,0.000000,0.010017,0.000000,0.000000,0.000000,0.055092,0.000000,0.000000,0.003339,0.851419,0.003339,0.001669,0.000000,0.060100,0.005008,0.000000,0.001669,0.000000,0.000000,0.000000,0.001669,0.003339
73,0.000000,0.000000,0.000000,0.000000,0.000000,0.000000,0.006678,0.023372,0.045075,0.006678,0.001669,0.001669,0.871452,0.000000,0.000000,0.000000,0.025042,0.005008,0.005008,0.003339,0.000000,0.001669,0.001669,0.000000,0.001669
74,0.000000,0.001669,0.001669,0.000000,0.000000,0.003339,0.015025,0.000000,0.021703,0.000000,0.000000,0.001669,0.896494,0.003339,0.000000,0.000000,0.031720,0.005008,0.000000,0.005008,0.011686,0.000000,0.000000,0.001669,0.000000
75,0.000000,0.000000,0.001669,0.000000,0.000000,0.000000,0.008347,0.000000,0.033389,0.000000,0.001669,0.003339,0.886477,0.001669,0.000000,0.000000,0.025042,0.008347,0.006678,0.003339,0.016694,0.000000,0.001669,0.000000,0.001669
76,0.000000,0.001669,0.000000,0.000000,0.000000,0.000000,0.000000,0.000000,0.025042,0.003339,0.001669,0.001669,0.899833,0.000000,0.001669,0.000000,0.053422,0.000000,0.008347,0.000000,0.000000,0.001669,0.000000,0.001669,0.000000
77,0.000000,0.001669,0.000000,0.000000,0.000000,0.003339,0.000000,0.000000,0.046745,0.000000,0.001669,0.003339,0.886477,0.003339,0.001669,0.000000,0.043406,0.000000,0.000000,0.000000,0.003339,0.001669,0.001669,0.001669,0.000000
78,0.001669,0.000000,0.000000,0.000000,0.000000,0.003339,0.006678,0.003339,0.030050,0.000000,0.001669,0.003339,0.919866,0.000000,0.000000,0.008347,0.010017,0.000000,0.005008,0.003339,0.000000,0.001669,0.001669,0.000000,0.000000
79,0.001669,0.001669,0.000000,0.000000,0.000000,0.000000,0.000000,0.001669,0.053422,0.000000,0.000000,0.001669,0.821369,0.005008,0.000000,0.013356,0.045075,0.041736,0.010017,0.003339,0.000000,0.000000,0.000000,0.000000,0.000000
80,0.000000,0.000000,0.001669,0.001669,0.000000,0.000000,0.000000,0.000000,0.041736,0.000000,0.000000,0.003339,0.874791,0.010017,0.000000,0.006678,0.023372,0.026711,0.000000,0.000000,0.008347,0.000000,0.000000,0.001669,0.000000
81,0.001669,0.000000,0.000000,0.000000,0.000000,0.000000,0.015025,0.000000,0.043406,0.000000,0.001669,0.000000,0.861436,0.000000,0.000000,0.005008,0.045075,0.010017,0.006678,0.000000,0.008347,0.000000,0.001669,0.000000,0.000000
82,0.003339,0.000000,0.001669,0.000000,0.000000,0.000000,0.000000,0.001669,0.048414,0.000000,0.000000,0.000000,0.868114,0.000000,0.000000,0.006678,0.066778,0.000000,0.000000,0.000000,0.000000,0.000000,0.001669,0.001669,0.000000
83,0.003339,0.000000,0.001669,0.000000,0.000000,0.000000,0.000000,0.000000,0.070117,0.015025,0.000000,0.000000,0.828047,0.000000,0.001669,0.005008,0.045075,0.000000,0.010017,0.000000,0.018364,0.001669,0.000000,0.000000,0.000000
84,0.001669,0.000000,0.000000,0.003339,0.000000,0.003339,0.000000,0.000000,0.073456,0.000000,0.001669,0.000000,0.836394,0.005008,0.000000,0.003339,0.051753,0.000000,0.000000,0.000000,0.016694,0.000000,0.000000,0.001669,0.001669
85,0.000000,0.000000,0.000000,0.000000,0.000000,0.000000,0.000000,0.006678,0.100167,0.000000,0.000000,0.016694,0.824708,0.015025,0.000000,0.000000,0.026711,0.006678,0.000000,0.000000,0.000000,0.001669,0.000000,0.000000,0.001669
86,0.000000,0.000000,0.000000,0.000000,0.008347,0.000000,0.000000,0.015025,0.045075,0.000000,0.001669,0.000000,0.854758,0.010017,0.005008,0.006678,0.048414,0.000000,0.000000,0.000000,0.003339,0.000000,0.001669,0.000000,0.000000
87,0.000000,0.003339,0.001669,0.000000,0.000000,0.000000,0.011686,0.000000,0.061770,0.000000,0.000000,0.013356,0.848080,0.015025,0.000000,0.000000,0.025042,0.011686,0.003339,0.003339,0.000000,0.000000,0.000000,0.001669,0.000000
88,0.001669,0.001669,0.000000,0.001669,0.000000,0.000000,0.000000,0.003339,0.073456,0.000000,0.001669,0.040067,0.797997,0.008347,0.000000,0.013356,0.046745,0.000000,0.010017,0.000000,0.000000,0.000000,0.000000,0.000000,0.000000
89,0.001669,0.001669,0.001669,0.000000,0.000000,0.000000,0.000000,0.001669,0.058431,0.000000,0.000000,0.000000,0.859766,0.000000,0.001669,0.006678,0.041736,0.006678,0.016694,0.000000,0.000000,0.000000,0.000000,0.001669,0.000000
90,0.000000,0.000000,0.001669,0.000000,0.000000,0.000000,0.000000,0.043406,0.060100,0.000000,0.000000,0.000000,0.838063,0.000000,0.001669,0.005008,0.036728,0.010017,0.000000,0.000000,0.000000,0.001669,0.000000,0.000000,0.001669
91,0.000000,0.000000,0.000000,0.000000,0.000000,0.000000,0.058431,0.003339,0.051753,0.000000,0.003339,0.000000,0.816361,0.033389,0.001669,0.000000,0.023372,0.000000,0.006678,0.001669,0.000000,0.000000,0.000000,0.000000,0.000000
92,0.000000,0.000000,0.000000,0.001669,0.003339,0.000000,0.006678,0.000000,0.106845,0.000000,0.000000,0.000000,0.813022,0.000000,0.001669,0.000000,0.056761,0.003339,0.000000,0.000000,0.003339,0.001669,0.000000,0.001669,0.000000
93,0.000000,0.001669,0.000000,0.000000,0.000000,0.000000,0.005008,0.011686,0.116861,0.000000,0.001669,0.000000,0.746244,0.016694,0.001669,0.023372,0.063439,0.000000,0.008347,0.000000,0.003339,0.000000,0.000000,0.000000,0.000000
94,0.000000,0.001669,0.001669,0.001669,0.000000,0.000000,0.006678,0.006678,0.073456,0.000000,0.000000,0.020033,0.811352,0.000000,0.000000,0.000000,0.071786,0.000000,0.000000,0.000000,0.000000,0.001669,0.000000,0.001669,0.001669
95,0.001669,0.000000,0.001669,0.001669,0.005008,0.000000,0.000000,0.008347,0.071786,0.000000,0.001669,0.011686,0.782972,0.061770,0.000000,0.000000,0.046745,0.003339,0.000000,0.000000,0.000000,0.000000,0.001669,0.000000,0.000000
96,0.001669,0.000000,0.001669,0.001669,0.000000,0.000000,0.000000,0.015025,0.061770,0.000000,0.000000,0.023372,0.819699,0.000000,0.001669,0.003339,0.053422,0.013356,0.000000,0.000000,0.003339,0.000000,0.000000,0.000000,0.000000
97,0.000000,0.000000,0.001669,0.000000,0.005008,0.003339,0.005008,0.000000,0.108514,0.005008,0.000000,0.000000,0.772955,0.026711,0.000000,0.000000,0.066778,0.000000,0.005008,0.000000,0.000000,0.000000,0.000000,0.000000,0.000000
98,0.000000,0.000000,0.001669,0.006678,0.003339,0.000000,0.005008,0.023372,0.048414,0.010017,0.000000,0.000000,0.848080,0.000000,0.000000,0.005008,0.046745,0.000000,0.000000,0.000000,0.000000,0.000000,0.000000,0.000000,0.001669
99,0.000000,0.000000,0.001669,0.000000,0.000000,0.003339,0.001669,0.008347,0.078464,0.015025,0.001669,0.000000,0.831386,0.000000,0.000000,0.000000,0.053422,0.000000,0.000000,0.000000,0.003339,0.000000,0.000000,0.000000,0.001669
